date,nodes_processed,runtime_ms,new_contradictions_flagged,true_positives,false_positives
2026-04-20,18542,420,12,11,1
2026-04-21,18590,422,4,4,0
2026-04-22,18635,425,8,7,1
2026-04-23,18671,428,2,2,0
2026-04-24,18710,432,5,5,0
2026-04-25,18742,434,1,1,0
2026-04-26,18760,435,0,0,0
2026-04-27,18795,438,7,6,1
2026-04-28,18822,440,3,3,0
2026-04-29,18850,443,4,4,0
2026-04-30,18878,446,6,5,1
2026-05-01,18910,449,2,2,0
2026-05-02,18935,451,1,1,0
2026-05-03,18950,453,0,0,0
2026-05-04,18980,456,8,8,0
2026-05-05,19012,460,3,3,0
2026-05-06,19045,463,5,4,1
2026-05-07,19080,468,4,4,0
2026-05-08,19115,472,9,8,1
2026-05-09,19142,475,2,2,0
2026-05-10,19160,477,0,0,0
2026-05-11,19195,482,6,6,0
2026-05-12,19230,486,4,3,1
2026-05-13,19265,490,7,7,0
2026-05-14,19290,493,1,1,0
2026-05-15,19325,498,5,5,0
2026-05-16,19350,500,2,2,0
2026-05-17,19365,502,0,0,0
2026-05-18,19400,506,8,7,1
2026-05-19,19445,512,4,4,0
